Fisher statistic, Fisher p-value
36.90904550511311, 0.6101816700457525
Sample, Chi2 statistic, Chi2 p-value
samples_sim/3fe74678c743b1af_4036310f77ac1e34.txt, 6.3014259661698055, 0.6135074044635778
samples_sim/3fe74678c743b1af_40515248f1270fc4.txt, 9.443389704734964, 0.3062825674024595
samples_sim/3fe723bc64204b6d_c016b96044bfa157.txt, 12.710202031127084, 0.1761636878562985
samples_sim/3fe723bc64204b6d_3fffc08cee34f91d.txt, 9.732826946942598, 0.2842809658446736
samples_sim/3fe6b97ebc11bcca_c071054dca69054c.txt, 9.276545621288436, 0.4121482572649237
samples_sim/3fe6b97ebc11bcca_c0432843f3f0a47e.txt, 13.105271423704444, 0.15790041465537796
samples_sim/3fe682ab82b12d5d_c0638de3c920a3d3.txt, 6.070660252543652, 0.7328260072533755
samples_sim/3fe682ab82b12d5d_c053d423a50c615d.txt, 6.731837191304509, 0.6650161061495588
samples_sim/3fe4295baa9ba018_c004322fb095e69a.txt, 7.6302771380527155, 0.5717909864999333
samples_sim/3fe4295baa9ba018_404a9a89de9e6cf4.txt, 4.117782475318297, 0.9418771971028732
samples_sim/3fe410e3bdc43eb3_40463f9f355ded04.txt, 13.204394261543994, 0.1535736463500162
samples_sim/3fe410e3bdc43eb3_4047bd67fca5e394.txt, 11.662874785180776, 0.23298878402011253
samples_sim/3fe3eb4318a4281f_c080f0477434716e.txt, 10.457871513097833, 0.4012812857833578
samples_sim/3fe3eb4318a4281f_c07d327a8ab91bee.txt, 16.30589816142476, 0.09120416838875854
samples_sim/3fe3a62c28b773f2_4022978b1c7b140a.txt, 9.084355414883586, 0.5241171207204932
samples_sim/3fe3a62c28b773f2_403bdbb039b91f1f.txt, 11.324195119960848, 0.33282426045889985
samples_sim/3fe342f56e19f9a9_4032bbf6c27dbd8e.txt, 7.157022792867311, 0.7105425513724468
samples_sim/3fe342f56e19f9a9_403c4a45c14ae08c.txt, 1.9385177836729572, 0.9967900057695263
samples_sim/3fe28ca920af4415_40222c30b70c8890.txt, 7.341700966881301, 0.6928402707799524
samples_sim/3fe28ca920af4415_402cabdfcaac4482.txt, 9.931611372403264, 0.5365490867963452
